blbub/bubuq/nb09_1064.8000000000002_1068.8000000000002.mp4,
blbub/bubuq/nb09_1168.8000000000002_1172.8000000000002.mp4,hat
blbub/bubuq/nb09_784.8000000000001_788.8000000000001.mp4,
blbub/bubuq/nb09_904.8000000000001_908.8000000000001.mp4,glasses
blbub/bubuq/nb09_672.8000000000001_676.8000000000001.mp4,
blbub/bubuq/nb09_936.8000000000001_940.8000000000001.mp4,
blbub/bubuq/nb09_824.8000000000001_828.8000000000001.mp4,box
blbub/bubuq/nb09_756.8000000000001_760.8000000000001.mp4,
blbub/bubuq/nb09_916.8000000000001_920.8000000000001.mp4,baby
blbub/bubuq/nb09_868.8000000000001_872.8000000000001.mp4,baby;hat
blbub/bubuq/nb09_732.8000000000001_736.8000000000001.mp4,
blbub/bubuq/nb09_1264.8000000000002_1268.8000000000002.mp4,birdie;hat
blbub/bubuq/nb09_952.8000000000001_956.8000000000001.mp4,
blbub/bubuq/nb09_944.8000000000001_948.8000000000001.mp4,
blbub/bubuq/nb09_840.8000000000001_844.8000000000001.mp4,orange
blbub/bubuq/nb09_720.8000000000001_724.8000000000001.mp4,piggy
blbub/bubuq/nb09_1288.8000000000002_1292.8000000000002.mp4,sheep;hat
blbub/bubuq/nb09_752.8000000000001_756.8000000000001.mp4,
blbub/bubuq/nb09_1056.8000000000002_1060.8000000000002.mp4,
blbub/bubuq/nb09_1036.8000000000002_1040.8000000000002.mp4,bunny
blbub/bubuq/nb09_1464.8000000000002_1468.8000000000002.mp4,
blbub/bubuq/nb09_1448.8000000000002_1452.8000000000002.mp4,blue
blbub/bubuq/nb09_1312.8000000000002_1316.8000000000002.mp4,rug
blbub/bubuq/nb09_1152.8000000000002_1156.8000000000002.mp4,hat
blbub/bubuq/nb09_1184.8000000000002_1188.8000000000002.mp4,
blbub/bubuq/nb09_1116.8000000000002_1120.8000000000002.mp4,hat
blbub/bubuq/nb09_1372.8000000000002_1376.8000000000002.mp4,blue;police
blbub/bubuq/nb09_1208.8000000000002_1212.8000000000002.mp4,glasses
blbub/bubuq/nb09_1388.8000000000002_1392.8000000000002.mp4,
blbub/bubuq/nb09_580.8000000000001_584.8000000000001.mp4,
blbub/bubuq/nb09_1136.8000000000002_1140.8000000000002.mp4,piggy
blbub/bubuq/nb09_1120.8000000000002_1124.8000000000002.mp4,hat
blbub/bubuq/nb09_624.8000000000001_628.8000000000001.mp4,
blbub/bubuq/nb09_844.8000000000001_848.8000000000001.mp4,
blbub/bubuq/nb09_1252.8000000000002_1256.8000000000002.mp4,birdie
blbub/bubuq/nb09_1368.8000000000002_1372.8000000000002.mp4,blue
blbub/bubuq/nb09_908.8000000000001_912.8000000000001.mp4,hat
blbub/bubuq/nb09_676.8000000000001_680.8000000000001.mp4,
blbub/bubuq/nb09_888.8000000000001_892.8000000000001.mp4,
blbub/bubuq/nb09_1320.8000000000002_1324.8000000000002.mp4,rug;hat
blbub/bubuq/nb09_716.8000000000001_720.8000000000001.mp4,piggy
blbub/bubuq/nb09_1080.8000000000002_1084.8000000000002.mp4,hat
blbub/bubuq/nb09_1104.8000000000002_1108.8000000000002.mp4,
blbub/bubuq/nb09_1052.8000000000002_1056.8000000000002.mp4,baby;yellow
blbub/bubuq/nb09_848.8000000000001_852.8000000000001.mp4,hat
blbub/bubuq/nb09_1112.8000000000002_1116.8000000000002.mp4,stuff;hat
blbub/bubuq/nb09_1412.8000000000002_1416.8000000000002.mp4,piggie
blbub/bubuq/nb09_804.8000000000001_808.8000000000001.mp4,
blbub/bubuq/nb09_684.8000000000001_688.8000000000001.mp4,
blbub/bubuq/nb09_1324.8000000000002_1328.8000000000002.mp4,hat;book
blbub/bubuq/nb09_612.8000000000001_616.8000000000001.mp4,birdie
blbub/bubuq/nb09_1284.8000000000002_1288.8000000000002.mp4,sheep
blbub/bubuq/nb09_960.8000000000001_964.8000000000001.mp4,
blbub/bubuq/nb09_1172.8000000000002_1176.8000000000002.mp4,
blbub/bubuq/nb09_1232.8000000000002_1236.8000000000002.mp4,music
blbub/bubuq/nb09_692.8000000000001_696.8000000000001.mp4,
blbub/bubuq/nb09_864.8000000000001_868.8000000000001.mp4,baby
blbub/bubuq/nb09_1000.8000000000001_1004.8000000000001.mp4,hat
blbub/bubuq/nb09_820.8000000000001_824.8000000000001.mp4,box
blbub/bubuq/nb09_872.8000000000001_876.8000000000001.mp4,hat;cow
blbub/bubuq/nb09_1296.8000000000002_1300.8000000000002.mp4,hat
blbub/bubuq/nb09_1128.8000000000002_1132.8000000000002.mp4,baby
blbub/bubuq/nb09_924.8000000000001_928.8000000000001.mp4,glasses
blbub/bubuq/nb09_744.8000000000001_748.8000000000001.mp4,
blbub/bubuq/nb09_568.8000000000001_572.8000000000001.mp4,hat
blbub/bubuq/nb09_1280.8000000000002_1284.8000000000002.mp4,hat;sheep
blbub/bubuq/nb09_1084.8000000000002_1088.8000000000002.mp4,hat
blbub/bubuq/nb09_584.8000000000001_588.8000000000001.mp4,music
blbub/bubuq/nb09_736.8000000000001_740.8000000000001.mp4,
blbub/bubuq/nb09_1292.8000000000002_1296.8000000000002.mp4,hat
blbub/bubuq/nb09_604.8000000000001_608.8000000000001.mp4,birdie
blbub/bubuq/nb09_1436.8000000000002_1440.8000000000002.mp4,
blbub/bubuq/nb09_620.8000000000001_624.8000000000001.mp4,
blbub/bubuq/nb09_896.8000000000001_900.8000000000001.mp4,bear;hat
blbub/bubuq/nb09_1460.8000000000002_1464.8000000000002.mp4,
blbub/bubuq/nb09_700.8000000000001_704.8000000000001.mp4,piggy
blbub/bubuq/nb09_992.8000000000001_996.8000000000001.mp4,
blbub/bubuq/nb09_588.8000000000001_592.8000000000001.mp4,music
blbub/bubuq/nb09_1428.8000000000002_1432.8000000000002.mp4,
blbub/bubuq/nb09_796.8000000000001_800.8000000000001.mp4,
blbub/bubuq/nb09_1440.8000000000002_1444.8000000000002.mp4,hat
blbub/bubuq/nb09_1196.8000000000002_1200.8000000000002.mp4,glasses
blbub/bubuq/nb09_1444.8000000000002_1448.8000000000002.mp4,
blbub/bubuq/nb09_1048.8000000000002_1052.8000000000002.mp4,hat;book;baby
blbub/bubuq/nb09_984.8000000000001_988.8000000000001.mp4,
blbub/bubuq/nb09_652.8000000000001_656.8000000000001.mp4,cow;hat
blbub/bubuq/nb09_780.8000000000001_784.8000000000001.mp4,hat
blbub/bubuq/nb09_1468.8000000000002_1472.8000000000002.mp4,
blbub/bubuq/nb09_1432.8000000000002_1436.8000000000002.mp4,
blbub/bubuq/nb09_1396.8000000000002_1400.8000000000002.mp4,
blbub/bubuq/nb09_920.8000000000001_924.8000000000001.mp4,baby
blbub/bubuq/nb09_988.8000000000001_992.8000000000001.mp4,
blbub/bubuq/nb09_972.8000000000001_976.8000000000001.mp4,baby;kitty
blbub/bubuq/nb09_892.8000000000001_896.8000000000001.mp4,
blbub/bubuq/nb09_856.8000000000001_860.8000000000001.mp4,baby
blbub/bubuq/nb09_1304.8000000000002_1308.8000000000002.mp4,hat
blbub/bubuq/nb09_1180.8000000000002_1184.8000000000002.mp4,
blbub/bubuq/nb09_1144.8000000000002_1148.8000000000002.mp4,
blbub/bubuq/nb09_1260.8000000000002_1264.8000000000002.mp4,birdie
blbub/bubuq/nb09_1032.8000000000002_1036.8000000000002.mp4,bunny
blbub/bubuq/nb09_1480.8000000000002_1484.8000000000002.mp4,
blbub/bubuq/nb09_1276.8000000000002_1280.8000000000002.mp4,hat
blbub/bubuq/nb09_932.8000000000001_936.8000000000001.mp4,glasses
blbub/bubuq/nb09_912.8000000000001_916.8000000000001.mp4,hat
blbub/bubuq/nb09_616.8000000000001_620.8000000000001.mp4,birdie
blbub/bubuq/nb09_1224.8000000000002_1228.8000000000002.mp4,
blbub/bubuq/nb09_976.8000000000001_980.8000000000001.mp4,kitty
blbub/bubuq/nb09_1340.8000000000002_1344.8000000000002.mp4,hat
blbub/bubuq/nb09_1404.8000000000002_1408.8000000000002.mp4,
blbub/bubuq/nb09_680.8000000000001_684.8000000000001.mp4,piggy
blbub/bubuq/nb09_1240.8000000000002_1244.8000000000002.mp4,music
blbub/bubuq/nb09_828.8000000000001_832.8000000000001.mp4,
blbub/bubuq/nb09_1332.8000000000002_1336.8000000000002.mp4,
blbub/bubuq/nb09_1272.8000000000002_1276.8000000000002.mp4,rug
blbub/bubuq/nb09_880.8000000000001_884.8000000000001.mp4,baby;book;bear
blbub/bubuq/nb09_1236.8000000000002_1240.8000000000002.mp4,music
blbub/bubuq/nb09_1456.8000000000002_1460.8000000000002.mp4,
blbub/bubuq/nb09_1336.8000000000002_1340.8000000000002.mp4,hat
blbub/bubuq/nb09_788.8000000000001_792.8000000000001.mp4,
blbub/bubuq/nb09_1028.8000000000002_1032.8000000000002.mp4,bunny
blbub/bubuq/nb09_628.8000000000001_632.8000000000001.mp4,birdie
blbub/bubuq/nb09_884.8000000000001_888.8000000000001.mp4,bear
blbub/bubuq/nb09_640.8000000000001_644.8000000000001.mp4,cow
blbub/bubuq/nb09_940.8000000000001_944.8000000000001.mp4,
blbub/bubuq/nb09_760.8000000000001_764.8000000000001.mp4,hat
blbub/bubuq/nb09_900.8000000000001_904.8000000000001.mp4,hat
blbub/bubuq/nb09_996.8000000000001_1000.8000000000001.mp4,
blbub/bubuq/nb09_688.8000000000001_692.8000000000001.mp4,hat;piggy
blbub/bubuq/nb09_1228.8000000000002_1232.8000000000002.mp4,
blbub/bubuq/nb09_1096.8000000000002_1100.8000000000002.mp4,hat
blbub/bubuq/nb09_964.8000000000001_968.8000000000001.mp4,
blbub/bubuq/nb09_1316.8000000000002_1320.8000000000002.mp4,rug
blbub/bubuq/nb09_1424.8000000000002_1428.8000000000002.mp4,
blbub/bubuq/nb09_1108.8000000000002_1112.8000000000002.mp4,
blbub/bubuq/nb09_1040.8000000000002_1044.8000000000002.mp4,bunny
blbub/bubuq/nb09_928.8000000000001_932.8000000000001.mp4,glasses
blbub/bubuq/nb09_572.8000000000001_576.8000000000001.mp4,hat
blbub/bubuq/nb09_1472.8000000000002_1476.8000000000002.mp4,
blbub/bubuq/nb09_1200.8000000000002_1204.8000000000002.mp4,glasses
blbub/bubuq/nb09_1156.8000000000002_1160.8000000000002.mp4,hat;rug
blbub/bubuq/nb09_1392.8000000000002_1396.8000000000002.mp4,
blbub/bubuq/nb09_1140.8000000000002_1144.8000000000002.mp4,piggy
blbub/bubuq/nb09_792.8000000000001_796.8000000000001.mp4,
blbub/bubuq/nb09_636.8000000000001_640.8000000000001.mp4,hat
blbub/bubuq/nb09_1248.8000000000002_1252.8000000000002.mp4,birdie
blbub/bubuq/nb09_1256.8000000000002_1260.8000000000002.mp4,
blbub/bubuq/nb09_1220.8000000000002_1224.8000000000002.mp4,
blbub/bubuq/nb09_1176.8000000000002_1180.8000000000002.mp4,
blbub/bubuq/nb09_592.8000000000001_596.8000000000001.mp4,music
blbub/bubuq/nb09_1344.8000000000002_1348.8000000000002.mp4,hat
blbub/bubuq/nb09_1300.8000000000002_1304.8000000000002.mp4,hat
blbub/bubuq/nb09_816.8000000000001_820.8000000000001.mp4,
blbub/bubuq/nb09_668.8000000000001_672.8000000000001.mp4,
blbub/bubuq/nb09_1268.8000000000002_1272.8000000000002.mp4,hat;rug
blbub/bubuq/nb09_748.8000000000001_752.8000000000001.mp4,
blbub/bubuq/nb09_1476.8000000000002_1480.8000000000002.mp4,
blbub/bubuq/nb09_1060.8000000000002_1064.8000000000002.mp4,firetruck
blbub/bubuq/nb09_1192.8000000000002_1196.8000000000002.mp4,
blbub/bubuq/nb09_1244.8000000000002_1248.8000000000002.mp4,birdie
blbub/bubuq/nb09_1092.8000000000002_1096.8000000000002.mp4,hat
blbub/bubuq/nb09_1356.8000000000002_1360.8000000000002.mp4,hat
blbub/bubuq/nb09_1004.8000000000001_1008.8000000000001.mp4,
blbub/bubuq/nb09_660.8000000000001_664.8000000000001.mp4,piggy
blbub/bubuq/nb09_1380.8000000000002_1384.8000000000002.mp4,
blbub/bubuq/nb09_712.8000000000001_716.8000000000001.mp4,piggy
blbub/bubuq/nb09_948.8000000000001_952.8000000000001.mp4,
blbub/bubuq/nb09_1328.8000000000002_1332.8000000000002.mp4,book
blbub/bubuq/nb09_1164.8000000000002_1168.8000000000002.mp4,hat
blbub/bubuq/nb09_1132.8000000000002_1136.8000000000002.mp4,hat;piggy
blbub/bubuq/nb09_1012.8000000000001_1016.8000000000001.mp4,
blbub/bubuq/nb09_1044.8000000000002_1048.8000000000002.mp4,hat
blbub/bubuq/nb09_1408.8000000000002_1412.8000000000002.mp4,piggie
blbub/bubuq/nb09_1352.8000000000002_1356.8000000000002.mp4,hat;baby
blbub/bubuq/nb09_1076.8000000000002_1080.8000000000002.mp4,
blbub/bubuq/nb09_808.8000000000001_812.8000000000001.mp4,hat
blbub/bubuq/nb09_1416.8000000000002_1420.8000000000002.mp4,piggie
blbub/bubuq/nb09_832.8000000000001_836.8000000000001.mp4,hat
blbub/bubuq/nb09_852.8000000000001_856.8000000000001.mp4,hat
blbub/bubuq/nb09_648.8000000000001_652.8000000000001.mp4,cow
blbub/bubuq/nb09_664.8000000000001_668.8000000000001.mp4,hat;piggy
blbub/bubuq/nb09_1452.8000000000002_1456.8000000000002.mp4,blue
blbub/bubuq/nb09_968.8000000000001_972.8000000000001.mp4,baby
blbub/bubuq/nb09_812.8000000000001_816.8000000000001.mp4,
blbub/bubuq/nb09_704.8000000000001_708.8000000000001.mp4,hat;piggy
blbub/bubuq/nb09_1216.8000000000002_1220.8000000000002.mp4,
blbub/bubuq/nb09_980.8000000000001_984.8000000000001.mp4,
blbub/bubuq/nb09_656.8000000000001_660.8000000000001.mp4,hat;piggy
blbub/bubuq/nb09_1212.8000000000002_1216.8000000000002.mp4,
blbub/bubuq/nb09_1148.8000000000002_1152.8000000000002.mp4,
blbub/bubuq/nb09_1364.8000000000002_1368.8000000000002.mp4,blue
blbub/bubuq/nb09_876.8000000000001_880.8000000000001.mp4,book;baby
blbub/bubuq/nb09_696.8000000000001_700.8000000000001.mp4,hat;piggy
blbub/bubuq/nb09_1348.8000000000002_1352.8000000000002.mp4,
blbub/bubuq/nb09_1008.8000000000001_1012.8000000000001.mp4,
blbub/bubuq/nb09_776.8000000000001_780.8000000000001.mp4,hat;piggy
blbub/bubuq/nb09_740.8000000000001_744.8000000000001.mp4,piggy;hat
blbub/bubuq/nb09_1100.8000000000002_1104.8000000000002.mp4,hat
blbub/bubuq/nb09_860.8000000000001_864.8000000000001.mp4,baby
blbub/bubuq/nb09_1124.8000000000002_1128.8000000000002.mp4,
blbub/bubuq/nb09_1420.8000000000002_1424.8000000000002.mp4,
blbub/bubuq/nb09_836.8000000000001_840.8000000000001.mp4,hat;orange
blbub/bubuq/nb09_1072.8000000000002_1076.8000000000002.mp4,hat
blbub/bubuq/nb09_1204.8000000000002_1208.8000000000002.mp4,glasses
blbub/bubuq/nb09_596.8000000000001_600.8000000000001.mp4,music
blbub/bubuq/nb09_1016.8000000000001_1020.8000000000001.mp4,
blbub/bubuq/nb09_728.8000000000001_732.8000000000001.mp4,piggy
blbub/bubuq/nb09_1376.8000000000002_1380.8000000000002.mp4,police
blbub/bubuq/nb09_1400.8000000000002_1404.8000000000002.mp4,
blbub/bubuq/nb09_1188.8000000000002_1192.8000000000002.mp4,
blbub/bubuq/nb09_600.8000000000001_604.8000000000001.mp4,birdie
blbub/bubuq/nb09_1024.8000000000002_1028.8000000000002.mp4,
blbub/bubuq/nb09_724.8000000000001_728.8000000000001.mp4,piggy
blbub/bubuq/nb09_956.8000000000001_960.8000000000001.mp4,
blbub/bubuq/nb09_608.8000000000001_612.8000000000001.mp4,birdie
blbub/bubuq/nb09_800.8000000000001_804.8000000000001.mp4,
blbub/bubuq/nb09_644.8000000000001_648.8000000000001.mp4,cow;hat
blbub/bubuq/nb09_764.8000000000001_768.8000000000001.mp4,
blbub/bubuq/nb09_768.8000000000001_772.8000000000001.mp4,hat;piggy
blbub/bubuq/nb09_708.8000000000001_712.8000000000001.mp4,piggy
blbub/bubuq/nb09_576.8000000000001_580.8000000000001.mp4,music
blbub/bubuq/nb09_1308.8000000000002_1312.8000000000002.mp4,hat;rug
blbub/bubuq/nb09_1160.8000000000002_1164.8000000000002.mp4,rug;hat
blbub/bubuq/nb09_1068.8000000000002_1072.8000000000002.mp4,hat
blbub/bubuq/nb09_1020.8000000000001_1024.8000000000002.mp4,
blbub/bubuq/nb09_772.8000000000001_776.8000000000001.mp4,hat;piggy
blbub/bubuq/nb09_632.8000000000001_636.8000000000001.mp4,birdie;hat
blbub/bubuq/nb09_1360.8000000000002_1364.8000000000002.mp4,hat;book;blue
blbub/bubuq/nb09_1088.8000000000002_1092.8000000000002.mp4,
blbub/bubuq/nb09_1384.8000000000002_1388.8000000000002.mp4,
