nb09_898.8000000000001_902.8000000000001.mp4,bear;hat
nb09_1051.8000000000002_1055.8000000000002.mp4,baby;yellow
nb09_619.8000000000001_623.8000000000001.mp4,birdie
nb09_703.8000000000001_707.8000000000001.mp4,hat
nb09_1402.8000000000002_1406.8000000000002.mp4,
nb09_1168.8000000000002_1172.8000000000002.mp4,hat
nb09_784.8000000000001_788.8000000000001.mp4,
nb09_859.8000000000001_863.8000000000001.mp4,baby
nb09_904.8000000000001_908.8000000000001.mp4,glasses
nb09_1258.8000000000002_1262.8000000000002.mp4,
nb09_1375.8000000000002_1379.8000000000002.mp4,police
nb09_949.8000000000001_953.8000000000001.mp4,
nb09_595.8000000000001_599.8000000000001.mp4,music
nb09_979.8000000000001_983.8000000000001.mp4,
nb09_1237.8000000000002_1241.8000000000002.mp4,music
nb09_763.8000000000001_767.8000000000001.mp4,hat
nb09_1147.8000000000002_1151.8000000000002.mp4,
nb09_916.8000000000001_920.8000000000001.mp4,baby
nb09_868.8000000000001_872.8000000000001.mp4,baby;hat
nb09_778.8000000000001_782.8000000000001.mp4,hat
nb09_1264.8000000000002_1268.8000000000002.mp4,birdie;hat
nb09_952.8000000000001_956.8000000000001.mp4,
nb09_1087.8000000000002_1091.8000000000002.mp4,
nb09_1288.8000000000002_1292.8000000000002.mp4,sheep;hat
nb09_781.8000000000001_785.8000000000001.mp4,hat
nb09_853.8000000000001_857.8000000000001.mp4,hat
nb09_598.8000000000001_602.8000000000001.mp4,birdie
nb09_685.8000000000001_689.8000000000001.mp4,hat;piggy
nb09_1036.8000000000002_1040.8000000000002.mp4,bunny
nb09_1099.8000000000002_1103.8000000000002.mp4,hat
nb09_961.8000000000001_965.8000000000001.mp4,
nb09_1312.8000000000002_1316.8000000000002.mp4,rug
nb09_877.8000000000001_881.8000000000001.mp4,book;baby
nb09_1294.8000000000002_1298.8000000000002.mp4,hat
nb09_1372.8000000000002_1376.8000000000002.mp4,blue;police
nb09_1342.8000000000002_1346.8000000000002.mp4,hat
nb09_1033.8000000000002_1037.8000000000002.mp4,bunny
nb09_1078.8000000000002_1082.8000000000002.mp4,
nb09_658.8000000000001_662.8000000000001.mp4,hat;piggy
nb09_1123.8000000000002_1127.8000000000002.mp4,
nb09_580.8000000000001_584.8000000000001.mp4,
nb09_1120.8000000000002_1124.8000000000002.mp4,hat
nb09_1255.8000000000002_1259.8000000000002.mp4,birdie
nb09_769.8000000000001_773.8000000000001.mp4,hat;piggy
nb09_1249.8000000000002_1253.8000000000002.mp4,birdie
nb09_1399.8000000000002_1403.8000000000002.mp4,
nb09_1045.8000000000002_1049.8000000000002.mp4,hat
nb09_751.8000000000001_755.8000000000001.mp4,
nb09_775.8000000000001_779.8000000000001.mp4,hat;piggy
nb09_982.8000000000001_986.8000000000001.mp4,
nb09_739.8000000000001_743.8000000000001.mp4,piggy;hat
nb09_1291.8000000000002_1295.8000000000002.mp4,hat
nb09_1282.8000000000002_1286.8000000000002.mp4,hat;sheep
nb09_844.8000000000001_848.8000000000001.mp4,
nb09_1252.8000000000002_1256.8000000000002.mp4,birdie
nb09_1150.8000000000002_1154.8000000000002.mp4,
nb09_676.8000000000001_680.8000000000001.mp4,
nb09_673.8000000000001_677.8000000000001.mp4,
nb09_655.8000000000001_659.8000000000001.mp4,hat;piggy
nb09_910.8000000000001_914.8000000000001.mp4,hat
nb09_850.8000000000001_854.8000000000001.mp4,hat
nb09_895.8000000000001_899.8000000000001.mp4,bear
nb09_1066.8000000000002_1070.8000000000002.mp4,
nb09_694.8000000000001_698.8000000000001.mp4,hat
nb09_805.8000000000001_809.8000000000001.mp4,
nb09_1003.8000000000001_1007.8000000000001.mp4,
nb09_1231.8000000000002_1235.8000000000002.mp4,
nb09_1324.8000000000002_1328.8000000000002.mp4,hat;book
nb09_571.8000000000001_575.8000000000001.mp4,hat
nb09_1063.8000000000002_1067.8000000000002.mp4,
nb09_907.8000000000001_911.8000000000001.mp4,glasses;hat
nb09_1306.8000000000002_1310.8000000000002.mp4,hat
nb09_1138.8000000000002_1142.8000000000002.mp4,piggy
nb09_634.8000000000001_638.8000000000001.mp4,hat
nb09_1315.8000000000002_1319.8000000000002.mp4,rug
nb09_1405.8000000000002_1409.8000000000002.mp4,
nb09_643.8000000000001_647.8000000000001.mp4,cow;hat
nb09_919.8000000000001_923.8000000000001.mp4,baby
nb09_1462.8000000000002_1466.8000000000002.mp4,
nb09_1153.8000000000002_1157.8000000000002.mp4,hat
nb09_1018.8000000000001_1022.8000000000001.mp4,
nb09_1390.8000000000002_1394.8000000000002.mp4,
nb09_802.8000000000001_806.8000000000001.mp4,
nb09_1000.8000000000001_1004.8000000000001.mp4,hat
nb09_820.8000000000001_824.8000000000001.mp4,box
nb09_1219.8000000000002_1223.8000000000002.mp4,
nb09_730.8000000000001_734.8000000000001.mp4,piggy
nb09_589.8000000000001_593.8000000000001.mp4,music
nb09_1213.8000000000002_1217.8000000000002.mp4,
nb09_814.8000000000001_818.8000000000001.mp4,
nb09_790.8000000000001_794.8000000000001.mp4,
nb09_1381.8000000000002_1385.8000000000002.mp4,
nb09_1273.8000000000002_1277.8000000000002.mp4,rug
nb09_862.8000000000001_866.8000000000001.mp4,baby
nb09_1429.8000000000002_1433.8000000000002.mp4,
nb09_1162.8000000000002_1166.8000000000002.mp4,hat
nb09_1186.8000000000002_1190.8000000000002.mp4,
nb09_1363.8000000000002_1367.8000000000002.mp4,book;blue
nb09_811.8000000000001_815.8000000000001.mp4,
nb09_568.8000000000001_572.8000000000001.mp4,hat
nb09_601.8000000000001_605.8000000000001.mp4,birdie
nb09_1084.8000000000002_1088.8000000000002.mp4,hat
nb09_736.8000000000001_740.8000000000001.mp4,
nb09_1171.8000000000002_1175.8000000000002.mp4,
nb09_604.8000000000001_608.8000000000001.mp4,birdie
nb09_1039.8000000000002_1043.8000000000002.mp4,bunny
nb09_1015.8000000000001_1019.8000000000001.mp4,
nb09_709.8000000000001_713.8000000000001.mp4,piggy
nb09_1285.8000000000002_1289.8000000000002.mp4,sheep
nb09_700.8000000000001_704.8000000000001.mp4,piggy
nb09_991.8000000000001_995.8000000000001.mp4,
nb09_796.8000000000001_800.8000000000001.mp4,
nb09_1261.8000000000002_1265.8000000000002.mp4,birdie;hat
nb09_574.8000000000001_578.8000000000001.mp4,music
nb09_1444.8000000000002_1448.8000000000002.mp4,
nb09_613.8000000000001_617.8000000000001.mp4,birdie
nb09_799.8000000000001_803.8000000000001.mp4,
nb09_793.8000000000001_797.8000000000001.mp4,
nb09_1048.8000000000002_1052.8000000000002.mp4,hat;book;baby
nb09_652.8000000000001_656.8000000000001.mp4,cow;hat
nb09_1069.8000000000002_1073.8000000000002.mp4,hat
nb09_610.8000000000001_614.8000000000001.mp4,birdie
nb09_1468.8000000000002_1472.8000000000002.mp4,
nb09_1432.8000000000002_1436.8000000000002.mp4,
nb09_1396.8000000000002_1400.8000000000002.mp4,
nb09_1054.8000000000002_1058.8000000000002.mp4,yellow
nb09_691.8000000000001_695.8000000000001.mp4,
nb09_988.8000000000001_992.8000000000001.mp4,
nb09_937.8000000000001_941.8000000000001.mp4,
nb09_892.8000000000001_896.8000000000001.mp4,
nb09_856.8000000000001_860.8000000000001.mp4,baby
nb09_1180.8000000000002_1184.8000000000002.mp4,
nb09_718.8000000000001_722.8000000000001.mp4,piggy
nb09_1144.8000000000002_1148.8000000000002.mp4,
nb09_1465.8000000000002_1469.8000000000002.mp4,
nb09_577.8000000000001_581.8000000000001.mp4,music
nb09_670.8000000000001_674.8000000000001.mp4,
nb09_1480.8000000000002_1484.8000000000002.mp4,
nb09_1276.8000000000002_1280.8000000000002.mp4,hat
nb09_943.8000000000001_947.8000000000001.mp4,
nb09_1378.8000000000002_1382.8000000000002.mp4,
nb09_1159.8000000000002_1163.8000000000002.mp4,rug;hat
nb09_616.8000000000001_620.8000000000001.mp4,birdie
nb09_1309.8000000000002_1313.8000000000002.mp4,rug
nb09_1225.8000000000002_1229.8000000000002.mp4,
nb09_1417.8000000000002_1421.8000000000002.mp4,
nb09_976.8000000000001_980.8000000000001.mp4,kitty
nb09_1240.8000000000002_1244.8000000000002.mp4,music
nb09_1081.8000000000002_1085.8000000000002.mp4,hat
nb09_886.8000000000001_890.8000000000001.mp4,
nb09_1090.8000000000002_1094.8000000000002.mp4,
nb09_1177.8000000000002_1181.8000000000002.mp4,
nb09_901.8000000000001_905.8000000000001.mp4,
nb09_1318.8000000000002_1322.8000000000002.mp4,rug
nb09_1453.8000000000002_1457.8000000000002.mp4,blue
nb09_880.8000000000001_884.8000000000001.mp4,baby;book;bear
nb09_1459.8000000000002_1463.8000000000002.mp4,
nb09_646.8000000000001_650.8000000000001.mp4,hat;cow
nb09_826.8000000000001_830.8000000000001.mp4,
nb09_706.8000000000001_710.8000000000001.mp4,hat;piggy
nb09_583.8000000000001_587.8000000000001.mp4,music
nb09_1387.8000000000002_1391.8000000000002.mp4,
nb09_1075.8000000000002_1079.8000000000002.mp4,
nb09_1456.8000000000002_1460.8000000000002.mp4,
nb09_742.8000000000001_746.8000000000001.mp4,hat;piggy
nb09_1336.8000000000002_1340.8000000000002.mp4,hat
nb09_1327.8000000000002_1331.8000000000002.mp4,hat;book
nb09_1111.8000000000002_1115.8000000000002.mp4,stuff;hat
nb09_628.8000000000001_632.8000000000001.mp4,birdie
nb09_640.8000000000001_644.8000000000001.mp4,cow
nb09_940.8000000000001_944.8000000000001.mp4,
nb09_871.8000000000001_875.8000000000001.mp4,hat;cow
nb09_760.8000000000001_764.8000000000001.mp4,hat
nb09_787.8000000000001_791.8000000000001.mp4,
nb09_1477.8000000000002_1481.8000000000002.mp4,
nb09_1267.8000000000002_1271.8000000000002.mp4,hat;rug
nb09_688.8000000000001_692.8000000000001.mp4,hat;piggy
nb09_1228.8000000000002_1232.8000000000002.mp4,
nb09_1096.8000000000002_1100.8000000000002.mp4,hat
nb09_964.8000000000001_968.8000000000001.mp4,
nb09_1474.8000000000002_1478.8000000000002.mp4,
nb09_1108.8000000000002_1112.8000000000002.mp4,
nb09_913.8000000000001_917.8000000000001.mp4,hat
nb09_928.8000000000001_932.8000000000001.mp4,glasses
nb09_697.8000000000001_701.8000000000001.mp4,hat;piggy
nb09_607.8000000000001_611.8000000000001.mp4,birdie
nb09_1393.8000000000002_1397.8000000000002.mp4,
nb09_1351.8000000000002_1355.8000000000002.mp4,hat;baby
nb09_823.8000000000001_827.8000000000001.mp4,box
nb09_649.8000000000001_653.8000000000001.mp4,cow
nb09_1156.8000000000002_1160.8000000000002.mp4,hat;rug
nb09_1270.8000000000002_1274.8000000000002.mp4,rug
nb09_715.8000000000001_719.8000000000001.mp4,piggy
nb09_679.8000000000001_683.8000000000001.mp4,piggy
nb09_592.8000000000001_596.8000000000001.mp4,music
nb09_631.8000000000001_635.8000000000001.mp4,birdie
nb09_754.8000000000001_758.8000000000001.mp4,
nb09_1300.8000000000002_1304.8000000000002.mp4,hat
nb09_1438.8000000000002_1442.8000000000002.mp4,hat
nb09_1279.8000000000002_1283.8000000000002.mp4,hat;sheep
nb09_748.8000000000001_752.8000000000001.mp4,
nb09_994.8000000000001_998.8000000000001.mp4,
nb09_1135.8000000000002_1139.8000000000002.mp4,piggy
nb09_841.8000000000001_845.8000000000001.mp4,orange
nb09_637.8000000000001_641.8000000000001.mp4,hat
nb09_1129.8000000000002_1133.8000000000002.mp4,baby;hat
nb09_1060.8000000000002_1064.8000000000002.mp4,firetruck
nb09_1366.8000000000002_1370.8000000000002.mp4,blue
nb09_1192.8000000000002_1196.8000000000002.mp4,
nb09_1414.8000000000002_1418.8000000000002.mp4,piggie
nb09_1441.8000000000002_1445.8000000000002.mp4,hat
nb09_682.8000000000001_686.8000000000001.mp4,piggy
nb09_1210.8000000000002_1214.8000000000002.mp4,
nb09_1243.8000000000002_1247.8000000000002.mp4,birdie
nb09_997.8000000000001_1001.8000000000001.mp4,hat
nb09_712.8000000000001_716.8000000000001.mp4,piggy
nb09_925.8000000000001_929.8000000000001.mp4,glasses
nb09_922.8000000000001_926.8000000000001.mp4,baby
nb09_1207.8000000000002_1211.8000000000002.mp4,glasses
nb09_874.8000000000001_878.8000000000001.mp4,hat;cow
nb09_727.8000000000001_731.8000000000001.mp4,piggy
nb09_1057.8000000000002_1061.8000000000002.mp4,firetruck
nb09_721.8000000000001_725.8000000000001.mp4,piggy
nb09_586.8000000000001_590.8000000000001.mp4,music
nb09_835.8000000000001_839.8000000000001.mp4,hat
nb09_1093.8000000000002_1097.8000000000002.mp4,hat
nb09_1303.8000000000002_1307.8000000000002.mp4,hat
nb09_817.8000000000001_821.8000000000001.mp4,
nb09_1132.8000000000002_1136.8000000000002.mp4,hat;piggy
nb09_1012.8000000000001_1016.8000000000001.mp4,
nb09_1198.8000000000002_1202.8000000000002.mp4,glasses
nb09_1117.8000000000002_1121.8000000000002.mp4,hat
nb09_1189.8000000000002_1193.8000000000002.mp4,
nb09_1408.8000000000002_1412.8000000000002.mp4,piggie
nb09_1027.8000000000002_1031.8000000000002.mp4,bunny
nb09_985.8000000000001_989.8000000000001.mp4,
nb09_733.8000000000001_737.8000000000001.mp4,
nb09_808.8000000000001_812.8000000000001.mp4,hat
nb09_1297.8000000000002_1301.8000000000002.mp4,hat
nb09_766.8000000000001_770.8000000000001.mp4,hat
nb09_1354.8000000000002_1358.8000000000002.mp4,hat;baby
nb09_829.8000000000001_833.8000000000001.mp4,
nb09_832.8000000000001_836.8000000000001.mp4,hat
nb09_1246.8000000000002_1250.8000000000002.mp4,birdie
nb09_955.8000000000001_959.8000000000001.mp4,
nb09_1030.8000000000002_1034.8000000000002.mp4,bunny
nb09_664.8000000000001_668.8000000000001.mp4,hat;piggy
nb09_1345.8000000000002_1349.8000000000002.mp4,hat
nb09_1450.8000000000002_1454.8000000000002.mp4,blue
nb09_1234.8000000000002_1238.8000000000002.mp4,music
nb09_1333.8000000000002_1337.8000000000002.mp4,
nb09_1114.8000000000002_1118.8000000000002.mp4,stuff;hat
nb09_625.8000000000001_629.8000000000001.mp4,birdie
nb09_1216.8000000000002_1220.8000000000002.mp4,
nb09_1102.8000000000002_1106.8000000000002.mp4,
nb09_838.8000000000001_842.8000000000001.mp4,orange
nb09_1423.8000000000002_1427.8000000000002.mp4,
nb09_1126.8000000000002_1130.8000000000002.mp4,baby
nb09_1369.8000000000002_1373.8000000000002.mp4,blue
nb09_1321.8000000000002_1325.8000000000002.mp4,hat
nb09_1357.8000000000002_1361.8000000000002.mp4,hat;book
nb09_1447.8000000000002_1451.8000000000002.mp4,blue
nb09_1201.8000000000002_1205.8000000000002.mp4,glasses
nb09_757.8000000000001_761.8000000000001.mp4,
nb09_958.8000000000001_962.8000000000001.mp4,
nb09_946.8000000000001_950.8000000000001.mp4,
nb09_1348.8000000000002_1352.8000000000002.mp4,
nb09_1183.8000000000002_1187.8000000000002.mp4,
nb09_1435.8000000000002_1439.8000000000002.mp4,
nb09_931.8000000000001_935.8000000000001.mp4,glasses
nb09_883.8000000000001_887.8000000000001.mp4,bear
nb09_745.8000000000001_749.8000000000001.mp4,
nb09_1426.8000000000002_1430.8000000000002.mp4,
nb09_1042.8000000000002_1046.8000000000002.mp4,hat
nb09_1195.8000000000002_1199.8000000000002.mp4,
nb09_1420.8000000000002_1424.8000000000002.mp4,
nb09_661.8000000000001_665.8000000000001.mp4,piggy
nb09_1072.8000000000002_1076.8000000000002.mp4,hat
nb09_1204.8000000000002_1208.8000000000002.mp4,glasses
nb09_967.8000000000001_971.8000000000001.mp4,baby
nb09_622.8000000000001_626.8000000000001.mp4,
nb09_1006.8000000000001_1010.8000000000001.mp4,
nb09_865.8000000000001_869.8000000000001.mp4,baby
nb09_1105.8000000000002_1109.8000000000002.mp4,
nb09_973.8000000000001_977.8000000000001.mp4,baby;kitty
nb09_1165.8000000000002_1169.8000000000002.mp4,hat
nb09_1024.8000000000002_1028.8000000000002.mp4,
nb09_667.8000000000001_671.8000000000001.mp4,
nb09_847.8000000000001_851.8000000000001.mp4,hat
nb09_934.8000000000001_938.8000000000001.mp4,glasses
nb09_1411.8000000000002_1415.8000000000002.mp4,piggie
nb09_724.8000000000001_728.8000000000001.mp4,piggy
nb09_889.8000000000001_893.8000000000001.mp4,
nb09_1021.8000000000001_1025.8000000000002.mp4,
nb09_1174.8000000000002_1178.8000000000002.mp4,
nb09_1339.8000000000002_1343.8000000000002.mp4,hat
nb09_1009.8000000000001_1013.8000000000001.mp4,
nb09_970.8000000000001_974.8000000000001.mp4,baby
nb09_1330.8000000000002_1334.8000000000002.mp4,book
nb09_1471.8000000000002_1475.8000000000002.mp4,
nb09_1222.8000000000002_1226.8000000000002.mp4,
nb09_772.8000000000001_776.8000000000001.mp4,hat;piggy
nb09_1141.8000000000002_1145.8000000000002.mp4,piggy
nb09_1360.8000000000002_1364.8000000000002.mp4,hat;book;blue
nb09_1384.8000000000002_1388.8000000000002.mp4,
02_1388.8000000000002.mp4,
